,FPT,VNM,VCB
ROE (%),0.2766305486,0.2662589472,0.1756325908
P/E,20.6761263652,13.0173320325,13.8327504624
EPS (VND),1.4678033979282035,0.7504859454556458,1.0407571982118529
