{
  "weights": [
    -0.000474007739280413,
    -0.0003990862664835523,
    0.0011693865923202477,
    -0.0006687824770441839,
    0.0008634622318613009,
    -0.0015534112101870802,
    0.0012793714934936692,
    7.823629816975984e-05,
    -0.0009699729919725628,
    0.0006418165968399181,
    0.0023327343317255896,
    0.0014423024981701058,
    -0.0007144176656750614,
    -0.0015534112101870802,
    -0.0004711365007913701,
    7.823629816975984e-05,
    -1.9992879356879574e-05,
    -0.0009699729919725628,
    -0.0005983285213892737,
    0.0006418165968399181,
    -0.001998640194575995,
    0.0
  ],
  "feature_names": [
    "body_ratio",
    "upper_shadow_ratio",
    "lower_shadow_ratio",
    "price_position",
    "volume_pressure",
    "price_acceleration",
    "price_momentum_1",
    "price_momentum_2",
    "price_momentum_3",
    "volume_momentum_1",
    "volume_momentum_2",
    "price_volatility",
    "volume_surge",
    "close_lag_1",
    "return_lag_1",
    "close_lag_2",
    "return_lag_2",
    "close_lag_3",
    "return_lag_3",
    "day_of_week",
    "hour"
  ],
  "feature_stats": {
    "body_ratio": {
      "mean": 0.5054165555601686,
      "std": 0.2807132639251139
    },
    "upper_shadow_ratio": {
      "mean": 0.2462457680573898,
      "std": 0.2285582639771548
    },
    "lower_shadow_ratio": {
      "mean": 0.2483376763824416,
      "std": 0.23212952841217255
    },
    "price_position": {
      "mean": 0.4777912873268702,
      "std": 0.3136344978693425
    },
    "volume_pressure": {
      "mean": 1.063043916637805,
      "std": 0.6125634898002914
    },
    "price_acceleration": {
      "mean": 2.3510996975550378e-05,
      "std": 0.020564228790096215
    },
    "price_momentum_1": {
      "mean": -0.0002098481600360985,
      "std": 0.014967812852674468
    },
    "price_momentum_2": {
      "mean": -0.0004308722381118905,
      "std": 0.021740159589309357
    },
    "price_momentum_3": {
      "mean": -0.0007286944261373813,
      "std": 0.026079294587580536
    },
    "volume_momentum_1": {
      "mean": 0.13077493461269596,
      "std": 0.6259042922969389
    },
    "volume_momentum_2": {
      "mean": 0.17428825243571214,
      "std": 0.7399772849276838
    },
    "price_volatility": {
      "mean": 0.011661890214183082,
      "std": 0.006793267413511929
    },
    "volume_surge": {
      "mean": 1.063043916637805,
      "std": 0.6125634898002914
    },
    "close_lag_1": {
      "mean": 136.21015,
      "std": 8.335307446557879
    },
    "return_lag_1": {
      "mean": -0.0002098481600360985,
      "std": 0.014967812852674468
    },
    "close_lag_2": {
      "mean": 136.25315,
      "std": 8.275825518797985
    },
    "return_lag_2": {
      "mean": -0.0004308722381118905,
      "std": 0.021740159589309357
    },
    "close_lag_3": {
      "mean": 136.3036,
      "std": 8.212889369703879
    },
    "return_lag_3": {
      "mean": -0.0007286944261373813,
      "std": 0.026079294587580536
    },
    "day_of_week": {
      "mean": 2,
      "std": 1.4177624100166717
    },
    "hour": {
      "mean": 0,
      "std": 1e-08
    }
  }
}