{
  "weights": [
    0.00021882734418457643,
    0.0009482887909868915,
    -0.0003871411884107541,
    -0.0007558395072988052,
    0.0012003420462046047,
    -0.0011627102421716592,
    0.0012636112675314917,
    8.025262793917122e-05,
    -0.0011269519698666808,
    0.000482147411454964,
    0.00022553447058332394,
    0.0012925328014194938,
    -0.0008243509125679249,
    -0.0011627102421716592,
    -0.0005865963724526872,
    8.025262793917122e-05,
    -0.00017670976550248304,
    -0.0011269519698666808,
    -0.0009383291627142757,
    0.000482147411454964,
    -0.00033417776128743924,
    0.0
  ],
  "feature_names": [
    "body_ratio",
    "upper_shadow_ratio",
    "lower_shadow_ratio",
    "price_position",
    "volume_pressure",
    "price_acceleration",
    "price_momentum_1",
    "price_momentum_2",
    "price_momentum_3",
    "volume_momentum_1",
    "volume_momentum_2",
    "price_volatility",
    "volume_surge",
    "close_lag_1",
    "return_lag_1",
    "close_lag_2",
    "return_lag_2",
    "close_lag_3",
    "return_lag_3",
    "day_of_week",
    "hour"
  ],
  "feature_stats": {
    "body_ratio": {
      "mean": 0.471908475328618,
      "std": 0.2945771742763191
    },
    "upper_shadow_ratio": {
      "mean": 0.364074862511008,
      "std": 0.2934607965210664
    },
    "lower_shadow_ratio": {
      "mean": 0.164016662160374,
      "std": 0.2192707173008018
    },
    "price_position": {
      "mean": 0.38152840615003586,
      "std": 0.2919029288882959
    },
    "volume_pressure": {
      "mean": 1.0521319159636784,
      "std": 0.5400586995790727
    },
    "price_acceleration": {
      "mean": 7.399148112751164e-05,
      "std": 0.01155710434668064
    },
    "price_momentum_1": {
      "mean": 0.0005430006527057484,
      "std": 0.008288110658812974
    },
    "price_momentum_2": {
      "mean": 0.0010144051647407132,
      "std": 0.011938444078830998
    },
    "price_momentum_3": {
      "mean": 0.0014202185173373002,
      "std": 0.014030779986055364
    },
    "volume_momentum_1": {
      "mean": 0.14625082289604185,
      "std": 0.774773090865859
    },
    "volume_momentum_2": {
      "mean": 0.16686699576401837,
      "std": 0.7269566140535767
    },
    "price_volatility": {
      "mean": 0.006205811340275988,
      "std": 0.0039008570477302466
    },
    "volume_surge": {
      "mean": 1.0521319159636784,
      "std": 0.5400586995790727
    },
    "close_lag_1": {
      "mean": 61.2176,
      "std": 2.0454271193329068
    },
    "return_lag_1": {
      "mean": 0.0005430006527057484,
      "std": 0.008288110658812974
    },
    "close_lag_2": {
      "mean": 61.19075,
      "std": 2.037352686045468
    },
    "return_lag_2": {
      "mean": 0.0010144051647407132,
      "std": 0.011938444078830998
    },
    "close_lag_3": {
      "mean": 61.1674,
      "std": 2.0317478279011163
    },
    "return_lag_3": {
      "mean": 0.0014202185173373002,
      "std": 0.014030779986055364
    },
    "day_of_week": {
      "mean": 2,
      "std": 1.4177624100166717
    },
    "hour": {
      "mean": 0,
      "std": 1e-08
    }
  }
}