Error,Frequency
-0.03662057969513856,1
-0.030842928257551746,2
-0.025065276819964927,0
-0.019287625382378108,0
-0.013509973944791292,2
-0.007732322507204475,2
-0.0019546710696176526,7
0.003822980367969163,6
0.009600631805555978,10
0.015378283243142794,3
0.02115593468072961,0
0.026933586118316432,0
0.03271123755590326,1
0.03848888899349007,0
0.04426654043107689,0
0.0500441918686637,0
0.05582184330625052,0
0.061599494743837344,0
0.06737714618142415,0
0.07315479761901097,2
