{
  "weights": [
    -0.000499018740635922,
    -0.0005164610691404502,
    0.0009016269835825061,
    -0.00032580364531486784,
    0.0018523405668446574,
    -0.002032315723378885,
    -0.0008480852744015246,
    -0.0005118743090018336,
    5.0494316010439314e-05,
    -0.0011575397880543951,
    0.00010335392262419339,
    0.004983475170738308,
    0.0015685520822472552,
    -0.002032315723378885,
    -0.0002884665384914884,
    -0.0005118743090018336,
    -0.000436079908945787,
    5.0494316010439314e-05,
    -1.7035248206905396e-05,
    -0.0011575397880543951,
    -0.000678975139632807,
    0.0
  ],
  "feature_names": [
    "body_ratio",
    "upper_shadow_ratio",
    "lower_shadow_ratio",
    "price_position",
    "volume_pressure",
    "price_acceleration",
    "price_momentum_1",
    "price_momentum_2",
    "price_momentum_3",
    "volume_momentum_1",
    "volume_momentum_2",
    "price_volatility",
    "volume_surge",
    "close_lag_1",
    "return_lag_1",
    "close_lag_2",
    "return_lag_2",
    "close_lag_3",
    "return_lag_3",
    "day_of_week",
    "hour"
  ],
  "feature_stats": {
    "body_ratio": {
      "mean": 0.49659585151710717,
      "std": 0.2962186601414564
    },
    "upper_shadow_ratio": {
      "mean": 0.2971322270879113,
      "std": 0.25350869470754234
    },
    "lower_shadow_ratio": {
      "mean": 0.20627192139498152,
      "std": 0.231995175290451
    },
    "price_position": {
      "mean": 0.39437850995938517,
      "std": 0.2836709768686095
    },
    "volume_pressure": {
      "mean": 1.066132224682807,
      "std": 0.6029644756736137
    },
    "price_acceleration": {
      "mean": 2.696109963867331e-05,
      "std": 0.01629145940700079
    },
    "price_momentum_1": {
      "mean": -0.00018424089333069155,
      "std": 0.010686071134858437
    },
    "price_momentum_2": {
      "mean": -0.0004136246023478077,
      "std": 0.013851560431812219
    },
    "price_momentum_3": {
      "mean": -0.0006643886279062547,
      "std": 0.01660936748421096
    },
    "volume_momentum_1": {
      "mean": 0.11126971076016322,
      "std": 0.5757039023540378
    },
    "volume_momentum_2": {
      "mean": 0.15079444567014874,
      "std": 0.696657682523607
    },
    "price_volatility": {
      "mean": 0.007139581065988185,
      "std": 0.005000023969299129
    },
    "volume_surge": {
      "mean": 1.066132224682807,
      "std": 0.6029644756736137
    },
    "close_lag_1": {
      "mean": 62.72455,
      "std": 3.2887088388352606
    },
    "return_lag_1": {
      "mean": -0.00018424089333069155,
      "std": 0.010686071134858437
    },
    "close_lag_2": {
      "mean": 62.7407,
      "std": 3.2768541891400087
    },
    "return_lag_2": {
      "mean": -0.0004136246023478077,
      "std": 0.013851560431812219
    },
    "close_lag_3": {
      "mean": 62.7583,
      "std": 3.263550816158413
    },
    "return_lag_3": {
      "mean": -0.0006643886279062547,
      "std": 0.01660936748421096
    },
    "day_of_week": {
      "mean": 2,
      "std": 1.4177624100166717
    },
    "hour": {
      "mean": 0,
      "std": 1e-08
    }
  }
}